{
  "macro": {
    "precision": 0.46833333333333327,
    "recall": 0.7810238095238096,
    "f1": 0.5610952380952381
  },
  "micro": {
    "precision": 0.4895397489539749,
    "recall": 0.6842105263157895,
    "f1": 0.5707317073170731,
    "true_positives": 117,
    "false_positives": 122,
    "false_negatives": 54
  }
}