{
  "terra": {
    "accuracy": 0.48,
    "precision": 0.5,
    "recall": 0.24,
    "f1": 0.32432432432432434
  },
  "nerus": {
    "macro": {
      "precision": 0.24833333333333332,
      "recall": 0.4564285714285714,
      "f1": 0.30386580086580084
    },
    "micro": {
      "precision": 0.2446043165467626,
      "recall": 0.39766081871345027,
      "f1": 0.3028953229398664,
      "true_positives": 68,
      "false_positives": 210,
      "false_negatives": 103
    }
  }
}